x,y
542,40
544,40
546,40
548,40
550,40
552,40
554,40
556,40
558,40
560,40
562,40
564,40
566,40
568,40
570,40
522,42
524,42
526,42
528,42
530,42
532,42
534,42
536,42
538,42
540,42
542,42
544,42
546,42
548,42
550,42
552,42
554,42
556,42
558,42
560,42
562,42
564,42
566,42
568,42
570,42
572,42
574,42
576,42
578,42
580,42
582,42
584,42
586,42
588,42
590,42
510,44
512,44
514,44
516,44
518,44
520,44
522,44
524,44
526,44
528,44
530,44
532,44
534,44
536,44
538,44
540,44
542,44
544,44
546,44
548,44
550,44
552,44
554,44
556,44
558,44
560,44
562,44
564,44
566,44
568,44
570,44
572,44
574,44
576,44
578,44
580,44
582,44
584,44
586,44
588,44
590,44
592,44
594,44
596,44
598,44
600,44
502,46
504,46
506,46
508,46
510,46
512,46
514,46
516,46
518,46
520,46
522,46
524,46
526,46
528,46
530,46
532,46
534,46
536,46
538,46
540,46
542,46
544,46
546,46
548,46
550,46
552,46
554,46
556,46
558,46
560,46
562,46
564,46
566,46
568,46
570,46
572,46
574,46
576,46
578,46
580,46
582,46
584,46
586,46
588,46
590,46
592,46
594,46
596,46
598,46
600,46
602,46
604,46
606,46
608,46
610,46
494,48
496,48
498,48
500,48
502,48
504,48
506,48
508,48
510,48
512,48
514,48
516,48
518,48
520,48
522,48
524,48
526,48
528,48
530,48
532,48
534,48
536,48
538,48
540,48
542,48
544,48
546,48
548,48
550,48
552,48
554,48
556,48
558,48
560,48
562,48
564,48
566,48
568,48
570,48
572,48
574,48
576,48
578,48
580,48
582,48
584,48
586,48
588,48
590,48
592,48
594,48
596,48
598,48
600,48
602,48
604,48
606,48
608,48
610,48
612,48
614,48
616,48
486,50
488,50
490,50
492,50
494,50
496,50
498,50
500,50
502,50
504,50
506,50
508,50
510,50
512,50
514,50
516,50
518,50
520,50
522,50
524,50
526,50
528,50
530,50
532,50
534,50
536,50
538,50
574,50
576,50
578,50
580,50
582,50
584,50
586,50
588,50
590,50
592,50
594,50
596,50
598,50
600,50
602,50
604,50
606,50
608,50
610,50
612,50
614,50
616,50
618,50
620,50
622,50
624,50
480,52
482,52
484,52
486,52
488,52
490,52
492,52
494,52
496,52
498,52
500,52
502,52
504,52
506,52
508,52
510,52
512,52
514,52
516,52
518,52
520,52
590,52
592,52
594,52
596,52
598,52
600,52
602,52
604,52
606,52
608,52
610,52
612,52
614,52
616,52
618,52
620,52
622,52
624,52
626,52
628,52
630,52
474,54
476,54
478,54
480,54
482,54
484,54
486,54
488,54
490,54
492,54
494,54
496,54
498,54
500,54
502,54
504,54
506,54
508,54
510,54
602,54
604,54
606,54
608,54
610,54
612,54
614,54
616,54
618,54
620,54
622,54
624,54
626,54
628,54
630,54
632,54
634,54
636,54
468,56
470,56
472,56
474,56
476,56
478,56
480,56
482,56
484,56
486,56
488,56
490,56
492,56
494,56
496,56
498,56
500,56
610,56
612,56
614,56
616,56
618,56
620,56
622,56
624,56
626,56
628,56
630,56
632,56
634,56
636,56
638,56
640,56
464,58
466,58
468,58
470,58
472,58
474,58
476,58
478,58
480,58
482,58
484,58
486,58
488,58
490,58
492,58
618,58
620,58
622,58
624,58
626,58
628,58
630,58
632,58
634,58
636,58
638,58
640,58
642,58
644,58
458,60
460,60
462,60
464,60
466,60
468,60
470,60
472,60
474,60
476,60
478,60
480,60
482,60
484,60
486,60
624,60
626,60
628,60
630,60
632,60
634,60
636,60
638,60
640,60
642,60
644,60
646,60
648,60
650,60
454,62
456,62
458,62
460,62
462,62
464,62
466,62
468,62
470,62
472,62
474,62
476,62
478,62
630,62
632,62
634,62
636,62
638,62
640,62
642,62
644,62
646,62
648,62
650,62
652,62
654,62
450,64
452,64
454,64
456,64
458,64
460,64
462,64
464,64
466,64
468,64
470,64
472,64
474,64
636,64
638,64
640,64
642,64
644,64
646,64
648,64
650,64
652,64
654,64
656,64
658,64
446,66
448,66
450,66
452,66
454,66
456,66
458,66
460,66
462,66
464,66
466,66
468,66
640,66
642,66
644,66
646,66
648,66
650,66
652,66
654,66
656,66
658,66
660,66
662,66
442,68
444,68
446,68
448,68
450,68
452,68
454,68
456,68
458,68
460,68
462,68
644,68
646,68
648,68
650,68
652,68
654,68
656,68
658,68
660,68
662,68
664,68
438,70
440,70
442,70
444,70
446,70
448,70
450,70
452,70
454,70
456,70
458,70
650,70
652,70
654,70
656,70
658,70
660,70
662,70
664,70
666,70
668,70
436,72
438,72
440,72
442,72
444,72
446,72
448,72
450,72
452,72
454,72
654,72
656,72
658,72
660,72
662,72
664,72
666,72
668,72
670,72
672,72
432,74
434,74
436,74
438,74
440,74
442,74
444,74
446,74
448,74
450,74
658,74
660,74
662,74
664,74
666,74
668,74
670,74
672,74
674,74
430,76
432,76
434,76
436,76
438,76
440,76
442,76
444,76
446,76
660,76
662,76
664,76
666,76
668,76
670,76
672,76
674,76
676,76
678,76
426,78
428,78
430,78
432,78
434,78
436,78
438,78
440,78
442,78
664,78
666,78
668,78
670,78
672,78
674,78
676,78
678,78
680,78
424,80
426,80
428,80
430,80
432,80
434,80
436,80
438,80
440,80
668,80
670,80
672,80
674,80
676,80
678,80
680,80
682,80
684,80
420,82
422,82
424,82
426,82
428,82
430,82
432,82
434,82
436,82
670,82
672,82
674,82
676,82
678,82
680,82
682,82
684,82
686,82
418,84
420,84
422,84
424,84
426,84
428,84
430,84
432,84
434,84
674,84
676,84
678,84
680,84
682,84
684,84
686,84
688,84
690,84
416,86
418,86
420,86
422,86
424,86
426,86
428,86
430,86
676,86
678,86
680,86
682,86
684,86
686,86
688,86
690,86
692,86
414,88
416,88
418,88
420,88
422,88
424,88
426,88
428,88
680,88
682,88
684,88
686,88
688,88
690,88
692,88
694,88
410,90
412,90
414,90
416,90
418,90
420,90
422,90
424,90
682,90
684,90
686,90
688,90
690,90
692,90
694,90
696,90
408,92
410,92
412,92
414,92
416,92
418,92
420,92
422,92
686,92
688,92
690,92
692,92
694,92
696,92
698,92
700,92
406,94
408,94
410,94
412,94
414,94
416,94
418,94
420,94
688,94
690,94
692,94
694,94
696,94
698,94
700,94
702,94
404,96
406,96
408,96
410,96
412,96
414,96
416,96
690,96
692,96
694,96
696,96
698,96
700,96
702,96
704,96
402,98
404,98
406,98
408,98
410,98
412,98
414,98
692,98
694,98
696,98
698,98
700,98
702,98
704,98
706,98
400,100
402,100
404,100
406,100
408,100
410,100
412,100
696,100
698,100
700,100
702,100
704,100
706,100
708,100
398,102
400,102
402,102
404,102
406,102
408,102
410,102
698,102
700,102
702,102
704,102
706,102
708,102
710,102
396,104
398,104
400,104
402,104
404,104
406,104
408,104
532,104
534,104
536,104
538,104
540,104
542,104
544,104
546,104
548,104
550,104
552,104
554,104
556,104
558,104
560,104
562,104
564,104
566,104
568,104
570,104
700,104
702,104
704,104
706,104
708,104
710,104
712,104
394,106
396,106
398,106
400,106
402,106
404,106
406,106
520,106
522,106
524,106
526,106
528,106
530,106
532,106
534,106
536,106
538,106
540,106
542,106
544,106
546,106
548,106
550,106
552,106
554,106
556,106
558,106
560,106
562,106
564,106
566,106
568,106
570,106
572,106
574,106
576,106
578,106
580,106
582,106
702,106
704,106
706,106
708,106
710,106
712,106
714,106
392,108
394,108
396,108
398,108
400,108
402,108
404,108
512,108
514,108
516,108
518,108
520,108
522,108
524,108
526,108
528,108
530,108
532,108
534,108
536,108
538,108
540,108
542,108
544,108
546,108
548,108
550,108
552,108
554,108
556,108
558,108
560,108
562,108
564,108
566,108
568,108
570,108
572,108
574,108
576,108
578,108
580,108
582,108
584,108
586,108
588,108
590,108
704,108
706,108
708,108
710,108
712,108
714,108
716,108
390,110
392,110
394,110
396,110
398,110
400,110
402,110
504,110
506,110
508,110
510,110
512,110
514,110
516,110
518,110
520,110
522,110
524,110
526,110
528,110
530,110
532,110
534,110
536,110
538,110
540,110
542,110
544,110
546,110
548,110
550,110
552,110
554,110
556,110
558,110
560,110
562,110
564,110
566,110
568,110
570,110
572,110
574,110
576,110
578,110
580,110
582,110
584,110
586,110
588,110
590,110
592,110
594,110
596,110
598,110
706,110
708,110
710,110
712,110
714,110
716,110
718,110
388,112
390,112
392,112
394,112
396,112
398,112
400,112
498,112
500,112
502,112
504,112
506,112
508,112
510,112
512,112
514,112
516,112
518,112
520,112
522,112
524,112
526,112
528,112
530,112
532,112
534,112
536,112
538,112
540,112
562,112
564,112
566,112
568,112
570,112
572,112
574,112
576,112
578,112
580,112
582,112
584,112
586,112
588,112
590,112
592,112
594,112
596,112
598,112
600,112
602,112
604,112
708,112
710,112
712,112
714,112
716,112
718,112
720,112
388,114
390,114
392,114
394,114
396,114
398,114
494,114
496,114
498,114
500,114
502,114
504,114
506,114
508,114
510,114
512,114
514,114
516,114
518,114
520,114
522,114
524,114
578,114
580,114
582,114
584,114
586,114
588,114
590,114
592,114
594,114
596,114
598,114
600,114
602,114
604,114
606,114
608,114
710,114
712,114
714,114
716,114
718,114
720,114
722,114
386,116
388,116
390,116
392,116
394,116
396,116
488,116
490,116
492,116
494,116
496,116
498,116
500,116
502,116
504,116
506,116
508,116
510,116
512,116
514,116
588,116
590,116
592,116
594,116
596,116
598,116
600,116
602,116
604,116
606,116
608,116
610,116
612,116
614,116
712,116
714,116
716,116
718,116
720,116
722,116
724,116
384,118
386,118
388,118
390,118
392,118
394,118
484,118
486,118
488,118
490,118
492,118
494,118
496,118
498,118
500,118
502,118
504,118
506,118
594,118
596,118
598,118
600,118
602,118
604,118
606,118
608,118
610,118
612,118
614,118
616,118
618,118
714,118
716,118
718,118
720,118
722,118
724,118
726,118
382,120
384,120
386,120
388,120
390,120
392,120
480,120
482,120
484,120
486,120
488,120
490,120
492,120
494,120
496,120
498,120
500,120
600,120
602,120
604,120
606,120
608,120
610,120
612,120
614,120
616,120
618,120
620,120
622,120
716,120
718,120
720,120
722,120
724,120
726,120
728,120
380,122
382,122
384,122
386,122
388,122
390,122
392,122
476,122
478,122
480,122
482,122
484,122
486,122
488,122
490,122
492,122
494,122
496,122
606,122
608,122
610,122
612,122
614,122
616,122
618,122
620,122
622,122
624,122
626,122
718,122
720,122
722,122
724,122
726,122
728,122
380,124
382,124
384,124
386,124
388,124
390,124
472,124
474,124
476,124
478,124
480,124
482,124
484,124
486,124
488,124
490,124
612,124
614,124
616,124
618,124
620,124
622,124
624,124
626,124
628,124
720,124
722,124
724,124
726,124
728,124
730,124
378,126
380,126
382,126
384,126
386,126
388,126
470,126
472,126
474,126
476,126
478,126
480,126
482,126
484,126
486,126
616,126
618,126
620,126
622,126
624,126
626,126
628,126
630,126
632,126
722,126
724,126
726,126
728,126
730,126
732,126
376,128
378,128
380,128
382,128
384,128
386,128
466,128
468,128
470,128
472,128
474,128
476,128
478,128
480,128
482,128
620,128
622,128
624,128
626,128
628,128
630,128
632,128
634,128
636,128
722,128
724,128
726,128
728,128
730,128
732,128
734,128
376,130
378,130
380,130
382,130
384,130
386,130
464,130
466,130
468,130
470,130
472,130
474,130
476,130
478,130
624,130
626,130
628,130
630,130
632,130
634,130
636,130
638,130
724,130
726,130
728,130
730,130
732,130
734,130
374,132
376,132
378,132
380,132
382,132
384,132
460,132
462,132
464,132
466,132
468,132
470,132
472,132
474,132
476,132
626,132
628,132
630,132
632,132
634,132
636,132
638,132
640,132
642,132
726,132
728,132
730,132
732,132
734,132
736,132
258,134
260,134
262,134
372,134
374,134
376,134
378,134
380,134
382,134
458,134
460,134
462,134
464,134
466,134
468,134
470,134
472,134
630,134
632,134
634,134
636,134
638,134
640,134
642,134
644,134
728,134
730,134
732,134
734,134
736,134
738,134
254,136
256,136
258,136
260,136
262,136
264,136
266,136
372,136
374,136
376,136
378,136
380,136
382,136
456,136
458,136
460,136
462,136
464,136
466,136
468,136
634,136
636,136
638,136
640,136
642,136
644,136
646,136
728,136
730,136
732,136
734,136
736,136
738,136
250,138
252,138
254,138
256,138
258,138
260,138
262,138
264,138
266,138
268,138
270,138
370,138
372,138
374,138
376,138
378,138
380,138
452,138
454,138
456,138
458,138
460,138
462,138
464,138
466,138
636,138
638,138
640,138
642,138
644,138
646,138
648,138
730,138
732,138
734,138
736,138
738,138
740,138
250,140
252,140
254,140
256,140
258,140
260,140
262,140
264,140
266,140
268,140
270,140
368,140
370,140
372,140
374,140
376,140
378,140
450,140
452,140
454,140
456,140
458,140
460,140
462,140
638,140
640,140
642,140
644,140
646,140
648,140
650,140
652,140
732,140
734,140
736,140
738,140
740,140
742,140
248,142
250,142
252,142
254,142
256,142
258,142
260,142
262,142
264,142
266,142
268,142
270,142
272,142
368,142
370,142
372,142
374,142
376,142
378,142
448,142
450,142
452,142
454,142
456,142
458,142
460,142
642,142
644,142
646,142
648,142
650,142
652,142
654,142
732,142
734,142
736,142
738,142
740,142
742,142
248,144
250,144
252,144
254,144
256,144
258,144
260,144
262,144
264,144
266,144
268,144
270,144
272,144
366,144
368,144
370,144
372,144
374,144
376,144
446,144
448,144
450,144
452,144
454,144
456,144
458,144
644,144
646,144
648,144
650,144
652,144
654,144
656,144
734,144
736,144
738,144
740,144
742,144
744,144
248,146
250,146
252,146
254,146
256,146
258,146
260,146
262,146
264,146
266,146
268,146
270,146
272,146
366,146
368,146
370,146
372,146
374,146
444,146
446,146
448,146
450,146
452,146
454,146
456,146
646,146
648,146
650,146
652,146
654,146
656,146
658,146
736,146
738,146
740,146
742,146
744,146
746,146
246,148
248,148
250,148
252,148
254,148
256,148
258,148
260,148
262,148
264,148
266,148
268,148
270,148
272,148
274,148
364,148
366,148
368,148
370,148
372,148
374,148
442,148
444,148
446,148
448,148
450,148
452,148
648,148
650,148
652,148
654,148
656,148
658,148
660,148
736,148
738,148
740,148
742,148
744,148
746,148
248,150
250,150
252,150
254,150
256,150
258,150
260,150
262,150
264,150
266,150
268,150
270,150
272,150
364,150
366,150
368,150
370,150
372,150
440,150
442,150
444,150
446,150
448,150
450,150
652,150
654,150
656,150
658,150
660,150
662,150
738,150
740,150
742,150
744,150
746,150
748,150
244,152
246,152
248,152
250,152
252,152
254,152
256,152
258,152
260,152
262,152
264,152
266,152
268,152
270,152
272,152
362,152
364,152
366,152
368,152
370,152
372,152
438,152
440,152
442,152
444,152
446,152
448,152
654,152
656,152
658,152
660,152
662,152
664,152
738,152
740,152
742,152
744,152
746,152
748,152
242,154
244,154
246,154
248,154
250,154
252,154
254,154
256,154
258,154
260,154
262,154
264,154
266,154
268,154
270,154
272,154
362,154
364,154
366,154
368,154
370,154
436,154
438,154
440,154
442,154
444,154
446,154
656,154
658,154
660,154
662,154
664,154
666,154
740,154
742,154
744,154
746,154
748,154
750,154
240,156
242,156
244,156
246,156
248,156
250,156
252,156
254,156
256,156
258,156
260,156
262,156
264,156
266,156
268,156
270,156
360,156
362,156
364,156
366,156
368,156
370,156
434,156
436,156
438,156
440,156
442,156
444,156
658,156
660,156
662,156
664,156
666,156
668,156
742,156
744,156
746,156
748,156
750,156
238,158
240,158
242,158
244,158
246,158
248,158
250,158
252,158
254,158
256,158
258,158
260,158
262,158
264,158
266,158
268,158
360,158
362,158
364,158
366,158
368,158
432,158
434,158
436,158
438,158
440,158
442,158
660,158
662,158
664,158
666,158
668,158
670,158
742,158
744,158
746,158
748,158
750,158
752,158
236,160
238,160
240,160
242,160
244,160
246,160
248,160
254,160
256,160
258,160
260,160
262,160
264,160
266,160
358,160
360,160
362,160
364,160
366,160
368,160
430,160
432,160
434,160
436,160
438,160
440,160
662,160
664,160
666,160
668,160
670,160
744,160
746,160
748,160
750,160
752,160
234,162
236,162
238,162
240,162
242,162
244,162
246,162
358,162
360,162
362,162
364,162
366,162
428,162
430,162
432,162
434,162
436,162
438,162
662,162
664,162
666,162
668,162
670,162
672,162
744,162
746,162
748,162
750,162
752,162
754,162
232,164
234,164
236,164
238,164
240,164
242,164
244,164
356,164
358,164
360,164
362,164
364,164
366,164
428,164
430,164
432,164
434,164
436,164
664,164
666,164
668,164
670,164
672,164
674,164
746,164
748,164
750,164
752,164
754,164
232,166
234,166
236,166
238,166
240,166
242,166
356,166
358,166
360,166
362,166
364,166
426,166
428,166
430,166
432,166
434,166
436,166
666,166
668,166
670,166
672,166
674,166
676,166
746,166
748,166
750,166
752,166
754,166
230,168
232,168
234,168
236,168
238,168
240,168
354,168
356,168
358,168
360,168
362,168
364,168
424,168
426,168
428,168
430,168
432,168
434,168
668,168
670,168
672,168
674,168
676,168
746,168
748,168
750,168
752,168
754,168
756,168
228,170
230,170
232,170
234,170
236,170
238,170
354,170
356,170
358,170
360,170
362,170
422,170
424,170
426,170
428,170
430,170
432,170
670,170
672,170
674,170
676,170
678,170
748,170
750,170
752,170
754,170
756,170
228,172
230,172
232,172
234,172
236,172
354,172
356,172
358,172
360,172
362,172
422,172
424,172
426,172
428,172
430,172
670,172
672,172
674,172
676,172
678,172
680,172
748,172
750,172
752,172
754,172
756,172
758,172
226,174
228,174
230,174
232,174
234,174
236,174
352,174
354,174
356,174
358,174
360,174
362,174
420,174
422,174
424,174
426,174
428,174
672,174
674,174
676,174
678,174
680,174
750,174
752,174
754,174
756,174
758,174
226,176
228,176
230,176
232,176
234,176
352,176
354,176
356,176
358,176
360,176
418,176
420,176
422,176
424,176
426,176
428,176
672,176
674,176
676,176
678,176
680,176
682,176
750,176
752,176
754,176
756,176
758,176
224,178
226,178
228,178
230,178
232,178
352,178
354,178
356,178
358,178
360,178
416,178
418,178
420,178
422,178
424,178
426,178
674,178
676,178
678,178
680,178
682,178
750,178
752,178
754,178
756,178
758,178
760,178
224,180
226,180
228,180
230,180
232,180
350,180
352,180
354,180
356,180
358,180
360,180
416,180
418,180
420,180
422,180
424,180
676,180
678,180
680,180
682,180
684,180
752,180
754,180
756,180
758,180
760,180
222,182
224,182
226,182
228,182
230,182
350,182
352,182
354,182
356,182
358,182
414,182
416,182
418,182
420,182
422,182
424,182
676,182
678,182
680,182
682,182
684,182
752,182
754,182
756,182
758,182
760,182
222,184
224,184
226,184
228,184
230,184
350,184
352,184
354,184
356,184
358,184
414,184
416,184
418,184
420,184
422,184
678,184
680,184
682,184
684,184
686,184
752,184
754,184
756,184
758,184
760,184
762,184
222,186
224,186
226,186
228,186
230,186
348,186
350,186
352,186
354,186
356,186
358,186
412,186
414,186
416,186
418,186
420,186
678,186
680,186
682,186
684,186
686,186
754,186
756,186
758,186
760,186
762,186
220,188
222,188
224,188
226,188
228,188
348,188
350,188
352,188
354,188
356,188
410,188
412,188
414,188
416,188
418,188
420,188
680,188
682,188
684,188
686,188
688,188
754,188
756,188
758,188
760,188
762,188
220,190
222,190
224,190
226,190
228,190
348,190
350,190
352,190
354,190
356,190
410,190
412,190
414,190
416,190
418,190
680,190
682,190
684,190
686,190
688,190
754,190
756,190
758,190
760,190
762,190
220,192
222,192
224,192
226,192
346,192
348,192
350,192
352,192
354,192
356,192
408,192
410,192
412,192
414,192
416,192
554,192
556,192
558,192
560,192
562,192
564,192
566,192
568,192
570,192
572,192
574,192
576,192
682,192
684,192
686,192
688,192
754,192
756,192
758,192
760,192
762,192
764,192
218,194
220,194
222,194
224,194
226,194
346,194
348,194
350,194
352,194
354,194
408,194
410,194
412,194
414,194
416,194
546,194
548,194
550,194
552,194
554,194
556,194
558,194
560,194
562,194
564,194
566,194
568,194
570,194
572,194
574,194
576,194
578,194
580,194
582,194
584,194
682,194
684,194
686,194
688,194
690,194
756,194
758,194
760,194
762,194
764,194
218,196
220,196
222,196
224,196
226,196
346,196
348,196
350,196
352,196
354,196
406,196
408,196
410,196
412,196
414,196
540,196
542,196
544,196
546,196
548,196
550,196
552,196
554,196
556,196
558,196
560,196
562,196
564,196
566,196
568,196
570,196
572,196
574,196
576,196
578,196
580,196
582,196
584,196
586,196
588,196
590,196
682,196
684,196
686,196
688,196
690,196
756,196
758,196
760,196
762,196
764,196
218,198
220,198
222,198
224,198
226,198
346,198
348,198
350,198
352,198
354,198
406,198
408,198
410,198
412,198
414,198
536,198
538,198
540,198
542,198
544,198
546,198
548,198
550,198
552,198
554,198
556,198
558,198
560,198
562,198
564,198
566,198
568,198
570,198
572,198
574,198
576,198
578,198
580,198
582,198
584,198
586,198
588,198
590,198
592,198
594,198
684,198
686,198
688,198
690,198
756,198
758,198
760,198
762,198
764,198
218,200
220,200
222,200
224,200
226,200
344,200
346,200
348,200
350,200
352,200
354,200
404,200
406,200
408,200
410,200
412,200
532,200
534,200
536,200
538,200
540,200
542,200
544,200
546,200
548,200
550,200
552,200
554,200
556,200
558,200
572,200
574,200
576,200
578,200
580,200
582,200
584,200
586,200
588,200
590,200
592,200
594,200
596,200
598,200
684,200
686,200
688,200
690,200
692,200
756,200
758,200
760,200
762,200
764,200
766,200
218,202
220,202
222,202
224,202
344,202
346,202
348,202
350,202
352,202
404,202
406,202
408,202
410,202
412,202
528,202
530,202
532,202
534,202
536,202
538,202
540,202
542,202
544,202
546,202
548,202
582,202
584,202
586,202
588,202
590,202
592,202
594,202
596,202
598,202
600,202
684,202
686,202
688,202
690,202
692,202
758,202
760,202
762,202
764,202
766,202
216,204
218,204
220,204
222,204
224,204
344,204
346,204
348,204
350,204
352,204
402,204
404,204
406,204
408,204
410,204
526,204
528,204
530,204
532,204
534,204
536,204
538,204
540,204
542,204
588,204
590,204
592,204
594,204
596,204
598,204
600,204
602,204
604,204
686,204
688,204
690,204
692,204
758,204
760,204
762,204
764,204
766,204
216,206
218,206
220,206
222,206
224,206
344,206
346,206
348,206
350,206
352,206
402,206
404,206
406,206
408,206
410,206
524,206
526,206
528,206
530,206
532,206
534,206
536,206
538,206
592,206
594,206
596,206
598,206
600,206
602,206
604,206
606,206
686,206
688,206
690,206
692,206
694,206
758,206
760,206
762,206
764,206
766,206
216,208
218,208
220,208
222,208
224,208
344,208
346,208
348,208
350,208
352,208
400,208
402,208
404,208
406,208
408,208
522,208
524,208
526,208
528,208
530,208
532,208
534,208
596,208
598,208
600,208
602,208
604,208
606,208
608,208
686,208
688,208
690,208
692,208
694,208
758,208
760,208
762,208
764,208
766,208
216,210
218,210
220,210
222,210
224,210
342,210
344,210
346,210
348,210
350,210
352,210
400,210
402,210
404,210
406,210
408,210
518,210
520,210
522,210
524,210
526,210
528,210
530,210
598,210
600,210
602,210
604,210
606,210
608,210
610,210
688,210
690,210
692,210
694,210
758,210
760,210
762,210
764,210
766,210
216,212
218,212
220,212
222,212
224,212
342,212
344,212
346,212
348,212
350,212
398,212
400,212
402,212
404,212
406,212
518,212
520,212
522,212
524,212
526,212
528,212
602,212
604,212
606,212
608,212
610,212
612,212
688,212
690,212
692,212
694,212
760,212
762,212
764,212
766,212
768,212
216,214
218,214
220,214
222,214
224,214
342,214
344,214
346,214
348,214
350,214
398,214
400,214
402,214
404,214
406,214
516,214
518,214
520,214
522,214
524,214
526,214
604,214
606,214
608,214
610,214
612,214
614,214
688,214
690,214
692,214
694,214
696,214
760,214
762,214
764,214
766,214
768,214
216,216
218,216
220,216
222,216
224,216
342,216
344,216
346,216
348,216
350,216
398,216
400,216
402,216
404,216
514,216
516,216
518,216
520,216
522,216
524,216
606,216
608,216
610,216
612,216
614,216
616,216
688,216
690,216
692,216
694,216
696,216
760,216
762,216
764,216
766,216
768,216
216,218
218,218
220,218
222,218
224,218
342,218
344,218
346,218
348,218
350,218
396,218
398,218
400,218
402,218
404,218
512,218
514,218
516,218
518,218
520,218
522,218
608,218
610,218
612,218
614,218
616,218
618,218
688,218
690,218
692,218
694,218
696,218
760,218
762,218
764,218
766,218
768,218
216,220
218,220
220,220
222,220
224,220
342,220
344,220
346,220
348,220
350,220
396,220
398,220
400,220
402,220
404,220
510,220
512,220
514,220
516,220
518,220
520,220
610,220
612,220
614,220
616,220
618,220
690,220
692,220
694,220
696,220
760,220
762,220
764,220
766,220
768,220
216,222
218,222
220,222
222,222
342,222
344,222
346,222
348,222
350,222
394,222
396,222
398,222
400,222
402,222
508,222
510,222
512,222
514,222
516,222
518,222
612,222
614,222
616,222
618,222
620,222
690,222
692,222
694,222
696,222
760,222
762,222
764,222
766,222
768,222
216,224
218,224
220,224
222,224
340,224
342,224
344,224
346,224
348,224
394,224
396,224
398,224
400,224
402,224
508,224
510,224
512,224
514,224
516,224
612,224
614,224
616,224
618,224
620,224
690,224
692,224
694,224
696,224
760,224
762,224
764,224
766,224
768,224
216,226
218,226
220,226
222,226
224,226
340,226
342,226
344,226
346,226
348,226
394,226
396,226
398,226
400,226
506,226
508,226
510,226
512,226
514,226
516,226
614,226
616,226
618,226
620,226
622,226
690,226
692,226
694,226
696,226
760,226
762,226
764,226
766,226
768,226
216,228
218,228
220,228
222,228
224,228
340,228
342,228
344,228
346,228
348,228
392,228
394,228
396,228
398,228
400,228
506,228
508,228
510,228
512,228
514,228
614,228
616,228
618,228
620,228
622,228
690,228
692,228
694,228
696,228
698,228
760,228
762,228
764,228
766,228
768,228
216,230
218,230
220,230
222,230
224,230
340,230
342,230
344,230
346,230
348,230
392,230
394,230
396,230
398,230
400,230
504,230
506,230
508,230
510,230
512,230
616,230
618,230
620,230
622,230
624,230
690,230
692,230
694,230
696,230
698,230
760,230
762,230
764,230
766,230
768,230
70,232
72,232
74,232
76,232
78,232
216,232
218,232
220,232
222,232
224,232
340,232
342,232
344,232
346,232
348,232
392,232
394,232
396,232
398,232
400,232
504,232
506,232
508,232
510,232
512,232
616,232
618,232
620,232
622,232
624,232
690,232
692,232
694,232
696,232
698,232
762,232
764,232
766,232
768,232
770,232
66,234
68,234
70,234
72,234
74,234
76,234
78,234
80,234
82,234
98,234
100,234
102,234
104,234
106,234
216,234
218,234
220,234
222,234
224,234
340,234
342,234
344,234
346,234
348,234
392,234
394,234
396,234
398,234
502,234
504,234
506,234
508,234
510,234
618,234
620,234
622,234
624,234
690,234
692,234
694,234
696,234
698,234
762,234
764,234
766,234
768,234
770,234
64,236
66,236
68,236
70,236
72,236
74,236
76,236
78,236
80,236
82,236
84,236
88,236
90,236
92,236
94,236
96,236
98,236
100,236
102,236
104,236
106,236
108,236
110,236
112,236
114,236
116,236
118,236
216,236
218,236
220,236
222,236
224,236
340,236
342,236
344,236
346,236
348,236
390,236
392,236
394,236
396,236
398,236
502,236
504,236
506,236
508,236
510,236
550,236
552,236
554,236
618,236
620,236
622,236
624,236
626,236
690,236
692,236
694,236
696,236
698,236
762,236
764,236
766,236
768,236
770,236
62,238
64,238
66,238
68,238
70,238
72,238
74,238
76,238
78,238
80,238
82,238
84,238
86,238
88,238
90,238
92,238
94,238
96,238
98,238
100,238
102,238
104,238
106,238
108,238
110,238
112,238
114,238
116,238
118,238
120,238
122,238
124,238
216,238
218,238
220,238
222,238
224,238
340,238
342,238
344,238
346,238
348,238
390,238
392,238
394,238
396,238
398,238
500,238
502,238
504,238
506,238
508,238
548,238
550,238
552,238
554,238
556,238
618,238
620,238
622,238
624,238
626,238
690,238
692,238
694,238
696,238
698,238
762,238
764,238
766,238
768,238
770,238
62,240
64,240
66,240
68,240
70,240
72,240
74,240
76,240
78,240
80,240
82,240
84,240
86,240
88,240
90,240
92,240
94,240
96,240
98,240
100,240
102,240
104,240
106,240
108,240
110,240
112,240
114,240
116,240
118,240
120,240
122,240
124,240
126,240
128,240
216,240
218,240
220,240
222,240
224,240
340,240
342,240
344,240
346,240
348,240
390,240
392,240
394,240
396,240
500,240
502,240
504,240
506,240
508,240
546,240
548,240
550,240
552,240
554,240
556,240
620,240
622,240
624,240
626,240
690,240
692,240
694,240
696,240
698,240
762,240
764,240
766,240
768,240
770,240
60,242
62,242
64,242
66,242
68,242
70,242
72,242
74,242
76,242
78,242
80,242
82,242
84,242
86,242
88,242
90,242
92,242
94,242
96,242
98,242
100,242
102,242
104,242
106,242
108,242
110,242
112,242
114,242
116,242
118,242
120,242
122,242
124,242
126,242
128,242
130,242
132,242
134,242
216,242
218,242
220,242
222,242
224,242
340,242
342,242
344,242
346,242
348,242
390,242
392,242
394,242
396,242
498,242
500,242
502,242
504,242
506,242
546,242
548,242
550,242
552,242
554,242
620,242
622,242
624,242
626,242
690,242
692,242
694,242
696,242
698,242
762,242
764,242
766,242
768,242
770,242
60,244
62,244
64,244
66,244
68,244
70,244
72,244
74,244
76,244
78,244
80,244
82,244
84,244
86,244
88,244
90,244
92,244
112,244
114,244
116,244
118,244
120,244
122,244
124,244
126,244
128,244
130,244
132,244
134,244
136,244
216,244
218,244
220,244
222,244
224,244
340,244
342,244
344,244
346,244
348,244
388,244
390,244
392,244
394,244
396,244
498,244
500,244
502,244
504,244
506,244
544,244
546,244
548,244
550,244
552,244
620,244
622,244
624,244
626,244
690,244
692,244
694,244
696,244
698,244
762,244
764,244
766,244
768,244
770,244
60,246
62,246
64,246
66,246
68,246
70,246
72,246
74,246
76,246
78,246
80,246
82,246
84,246
86,246
120,246
122,246
124,246
126,246
128,246
130,246
132,246
134,246
136,246
138,246
140,246
218,246
220,246
222,246
224,246
340,246
342,246
344,246
346,246
348,246
388,246
390,246
392,246
394,246
396,246
498,246
500,246
502,246
504,246
544,246
546,246
548,246
550,246
552,246
620,246
622,246
624,246
626,246
690,246
692,246
694,246
696,246
698,246
762,246
764,246
766,246
768,246
770,246
60,248
62,248
64,248
66,248
68,248
70,248
72,248
74,248
76,248
78,248
80,248
82,248
84,248
86,248
126,248
128,248
130,248
132,248
134,248
136,248
138,248
140,248
142,248
144,248
218,248
220,248
222,248
224,248
340,248
342,248
344,248
346,248
348,248
388,248
390,248
392,248
394,248
498,248
500,248
502,248
504,248
542,248
544,248
546,248
548,248
550,248
620,248
622,248
624,248
626,248
690,248
692,248
694,248
696,248
698,248
762,248
764,248
766,248
768,248
770,248
62,250
64,250
66,250
68,250
70,250
72,250
74,250
76,250
78,250
80,250
82,250
84,250
86,250
130,250
132,250
134,250
136,250
138,250
140,250
142,250
144,250
146,250
218,250
220,250
222,250
224,250
226,250
242,250
244,250
246,250
248,250
250,250
252,250
254,250
256,250
258,250
260,250
340,250
342,250
344,250
346,250
348,250
388,250
390,250
392,250
394,250
496,250
498,250
500,250
502,250
504,250
542,250
544,250
546,250
548,250
550,250
620,250
622,250
624,250
626,250
690,250
692,250
694,250
696,250
762,250
764,250
766,250
768,250
770,250
62,252
64,252
66,252
68,252
70,252
72,252
74,252
76,252
78,252
80,252
82,252
84,252
134,252
136,252
138,252
140,252
142,252
144,252
146,252
148,252
150,252
218,252
220,252
222,252
224,252
226,252
232,252
234,252
236,252
238,252
240,252
242,252
244,252
246,252
248,252
250,252
252,252
254,252
256,252
258,252
260,252
262,252
264,252
266,252
268,252
270,252
340,252
342,252
344,252
346,252
348,252
388,252
390,252
392,252
394,252
496,252
498,252
500,252
502,252
504,252
540,252
542,252
544,252
546,252
548,252
620,252
622,252
624,252
626,252
690,252
692,252
694,252
696,252
762,252
764,252
766,252
768,252
770,252
64,254
66,254
68,254
70,254
72,254
74,254
76,254
78,254
80,254
82,254
84,254
138,254
140,254
142,254
144,254
146,254
148,254
150,254
152,254
218,254
220,254
222,254
224,254
226,254
228,254
230,254
232,254
234,254
236,254
238,254
240,254
242,254
244,254
246,254
248,254
250,254
252,254
254,254
256,254
258,254
260,254
262,254
264,254
266,254
268,254
270,254
272,254
274,254
276,254
340,254
342,254
344,254
346,254
348,254
386,254
388,254
390,254
392,254
394,254
496,254
498,254
500,254
502,254
540,254
542,254
544,254
546,254
548,254
620,254
622,254
624,254
626,254
690,254
692,254
694,254
696,254
762,254
764,254
766,254
768,254
770,254
66,256
68,256
70,256
72,256
74,256
76,256
78,256
80,256
82,256
140,256
142,256
144,256
146,256
148,256
150,256
152,256
154,256
218,256
220,256
222,256
224,256
226,256
228,256
230,256
232,256
234,256
236,256
238,256
240,256
242,256
244,256
246,256
248,256
250,256
252,256
254,256
256,256
258,256
260,256
262,256
264,256
266,256
268,256
270,256
272,256
274,256
276,256
278,256
280,256
340,256
342,256
344,256
346,256
348,256
386,256
388,256
390,256
392,256
394,256
496,256
498,256
500,256
502,256
540,256
542,256
544,256
546,256
548,256
620,256
622,256
624,256
626,256
690,256
692,256
694,256
696,256
760,256
762,256
764,256
766,256
768,256
68,258
70,258
72,258
74,258
76,258
78,258
144,258
146,258
148,258
150,258
152,258
154,258
156,258
214,258
216,258
218,258
220,258
222,258
224,258
226,258
228,258
230,258
232,258
234,258
236,258
238,258
240,258
262,258
264,258
266,258
268,258
270,258
272,258
274,258
276,258
278,258
280,258
282,258
284,258
340,258
342,258
344,258
346,258
348,258
386,258
388,258
390,258
392,258
394,258
496,258
498,258
500,258
502,258
540,258
542,258
544,258
546,258
620,258
622,258
624,258
626,258
688,258
690,258
692,258
694,258
696,258
760,258
762,258
764,258
766,258
768,258
146,260
148,260
150,260
152,260
154,260
156,260
158,260
210,260
212,260
214,260
216,260
218,260
220,260
222,260
224,260
226,260
228,260
230,260
270,260
272,260
274,260
276,260
278,260
280,260
282,260
284,260
286,260
340,260
342,260
344,260
346,260
348,260
386,260
388,260
390,260
392,260
494,260
496,260
498,260
500,260
502,260
540,260
542,260
544,260
546,260
618,260
620,260
622,260
624,260
626,260
688,260
690,260
692,260
694,260
696,260
760,260
762,260
764,260
766,260
768,260
148,262
150,262
152,262
154,262
156,262
158,262
160,262
162,262
208,262
210,262
212,262
214,262
216,262
218,262
220,262
222,262
224,262
276,262
278,262
280,262
282,262
284,262
286,262
288,262
290,262
340,262
342,262
344,262
346,262
348,262
386,262
388,262
390,262
392,262
494,262
496,262
498,262
500,262
502,262
540,262
542,262
544,262
546,262
618,262
620,262
622,262
624,262
626,262
688,262
690,262
692,262
694,262
696,262
760,262
762,262
764,262
766,262
768,262
152,264
154,264
156,264
158,264
160,264
162,264
164,264
204,264
206,264
208,264
210,264
212,264
214,264
216,264
218,264
280,264
282,264
284,264
286,264
288,264
290,264
292,264
340,264
342,264
344,264
346,264
348,264
386,264
388,264
390,264
392,264
494,264
496,264
498,264
500,264
502,264
540,264
542,264
544,264
546,264
618,264
620,264
622,264
624,264
688,264
690,264
692,264
694,264
760,264
762,264
764,264
766,264
768,264
154,266
156,266
158,266
160,266
162,266
164,266
166,266
200,266
202,266
204,266
206,266
208,266
210,266
212,266
214,266
284,266
286,266
288,266
290,266
292,266
294,266
296,266
340,266
342,266
344,266
346,266
348,266
386,266
388,266
390,266
392,266
494,266
496,266
498,266
500,266
502,266
540,266
542,266
544,266
546,266
548,266
616,266
618,266
620,266
622,266
624,266
688,266
690,266
692,266
694,266
760,266
762,266
764,266
766,266
768,266
156,268
158,268
160,268
162,268
164,268
166,268
168,268
198,268
200,268
202,268
204,268
206,268
208,268
210,268
286,268
288,268
290,268
292,268
294,268
296,268
298,268
340,268
342,268
344,268
346,268
348,268
386,268
388,268
390,268
392,268
494,268
496,268
498,268
500,268
502,268
540,268
542,268
544,268
546,268
548,268
616,268
618,268
620,268
622,268
624,268
686,268
688,268
690,268
692,268
694,268
760,268
762,268
764,268
766,268
768,268
158,270
160,270
162,270
164,270
166,270
168,270
170,270
196,270
198,270
200,270
202,270
204,270
206,270
208,270
290,270
292,270
294,270
296,270
298,270
300,270
340,270
342,270
344,270
346,270
348,270
384,270
386,270
388,270
390,270
392,270
494,270
496,270
498,270
500,270
502,270
540,270
542,270
544,270
546,270
548,270
614,270
616,270
618,270
620,270
622,270
686,270
688,270
690,270
692,270
694,270
760,270
762,270
764,270
766,270
768,270
160,272
162,272
164,272
166,272
168,272
170,272
194,272
196,272
198,272
200,272
202,272
204,272
292,272
294,272
296,272
298,272
300,272
302,272
340,272
342,272
344,272
346,272
348,272
384,272
386,272
388,272
390,272
392,272
494,272
496,272
498,272
500,272
502,272
542,272
544,272
546,272
548,272
614,272
616,272
618,272
620,272
622,272
686,272
688,272
690,272
692,272
760,272
762,272
764,272
766,272
768,272
162,274
164,274
166,274
168,274
170,274
172,274
190,274
192,274
194,274
196,274
198,274
200,274
202,274
294,274
296,274
298,274
300,274
302,274
304,274
340,274
342,274
344,274
346,274
348,274
384,274
386,274
388,274
390,274
392,274
494,274
496,274
498,274
500,274
502,274
542,274
544,274
546,274
548,274
550,274
612,274
614,274
616,274
618,274
620,274
684,274
686,274
688,274
690,274
692,274
760,274
762,274
764,274
766,274
768,274
164,276
166,276
168,276
170,276
172,276
174,276
188,276
190,276
192,276
194,276
196,276
198,276
296,276
298,276
300,276
302,276
304,276
306,276
342,276
344,276
346,276
348,276
350,276
384,276
386,276
388,276
390,276
392,276
494,276
496,276
498,276
500,276
502,276
542,276
544,276
546,276
548,276
550,276
610,276
612,276
614,276
616,276
618,276
620,276
684,276
686,276
688,276
690,276
692,276
760,276
762,276
764,276
766,276
768,276
166,278
168,278
170,278
172,278
174,278
176,278
186,278
188,278
190,278
192,278
194,278
196,278
300,278
302,278
304,278
306,278
308,278
342,278
344,278
346,278
348,278
350,278
384,278
386,278
388,278
390,278
392,278
496,278
498,278
500,278
502,278
544,278
546,278
548,278
550,278
552,278
610,278
612,278
614,278
616,278
618,278
684,278
686,278
688,278
690,278
758,278
760,278
762,278
764,278
766,278
168,280
170,280
172,280
174,280
176,280
178,280
184,280
186,280
188,280
190,280
192,280
194,280
302,280
304,280
306,280
308,280
310,280
342,280
344,280
346,280
348,280
350,280
384,280
386,280
388,280
390,280
392,280
496,280
498,280
500,280
502,280
544,280
546,280
548,280
550,280
552,280
554,280
608,280
610,280
612,280
614,280
616,280
682,280
684,280
686,280
688,280
690,280
758,280
760,280
762,280
764,280
766,280
170,282
172,282
174,282
176,282
178,282
180,282
184,282
186,282
188,282
190,282
192,282
304,282
306,282
308,282
310,282
312,282
342,282
344,282
346,282
348,282
350,282
384,282
386,282
388,282
390,282
392,282
496,282
498,282
500,282
502,282
546,282
548,282
550,282
552,282
554,282
556,282
606,282
608,282
610,282
612,282
614,282
616,282
682,282
684,282
686,282
688,282
690,282
758,282
760,282
762,282
764,282
766,282
172,284
174,284
176,284
178,284
180,284
182,284
184,284
186,284
188,284
190,284
306,284
308,284
310,284
312,284
314,284
342,284
344,284
346,284
348,284
350,284
384,284
386,284
388,284
390,284
392,284
496,284
498,284
500,284
502,284
504,284
548,284
550,284
552,284
554,284
556,284
558,284
602,284
604,284
606,284
608,284
610,284
612,284
614,284
682,284
684,284
686,284
688,284
758,284
760,284
762,284
764,284
766,284
172,286
174,286
176,286
178,286
180,286
182,286
184,286
186,286
188,286
308,286
310,286
312,286
314,286
316,286
342,286
344,286
346,286
348,286
350,286
384,286
386,286
388,286
390,286
392,286
496,286
498,286
500,286
502,286
504,286
550,286
552,286
554,286
556,286
558,286
560,286
562,286
600,286
602,286
604,286
606,286
608,286
610,286
612,286
680,286
682,286
684,286
686,286
688,286
758,286
760,286
762,286
764,286
766,286
174,288
176,288
178,288
180,288
182,288
184,288
186,288
310,288
312,288
314,288
316,288
318,288
342,288
344,288
346,288
348,288
350,288
384,288
386,288
388,288
390,288
392,288
496,288
498,288
500,288
502,288
504,288
552,288
554,288
556,288
558,288
560,288
562,288
564,288
566,288
596,288
598,288
600,288
602,288
604,288
606,288
608,288
610,288
680,288
682,288
684,288
686,288
688,288
758,288
760,288
762,288
764,288
766,288
176,290
178,290
180,290
182,290
184,290
312,290
314,290
316,290
318,290
320,290
342,290
344,290
346,290
348,290
350,290
352,290
384,290
386,290
388,290
390,290
392,290
498,290
500,290
502,290
504,290
554,290
556,290
558,290
560,290
562,290
564,290
566,290
568,290
570,290
572,290
590,290
592,290
594,290
596,290
598,290
600,290
602,290
604,290
606,290
608,290
678,290
680,290
682,290
684,290
686,290
756,290
758,290
760,290
762,290
764,290
176,292
178,292
180,292
182,292
184,292
312,292
314,292
316,292
318,292
320,292
322,292
344,292
346,292
348,292
350,292
352,292
384,292
386,292
388,292
390,292
392,292
498,292
500,292
502,292
504,292
506,292
556,292
558,292
560,292
562,292
564,292
566,292
568,292
570,292
572,292
574,292
576,292
578,292
580,292
582,292
584,292
586,292
588,292
590,292
592,292
594,292
596,292
598,292
600,292
602,292
604,292
606,292
678,292
680,292
682,292
684,292
686,292
756,292
758,292
760,292
762,292
764,292
174,294
176,294
178,294
180,294
182,294
314,294
316,294
318,294
320,294
322,294
324,294
344,294
346,294
348,294
350,294
352,294
384,294
386,294
388,294
390,294
392,294
498,294
500,294
502,294
504,294
506,294
560,294
562,294
564,294
566,294
568,294
570,294
572,294
574,294
576,294
578,294
580,294
582,294
584,294
586,294
588,294
590,294
592,294
594,294
596,294
598,294
600,294
602,294
676,294
678,294
680,294
682,294
684,294
756,294
758,294
760,294
762,294
764,294
174,296
176,296
178,296
180,296
316,296
318,296
320,296
322,296
324,296
344,296
346,296
348,296
350,296
352,296
384,296
386,296
388,296
390,296
392,296
500,296
502,296
504,296
506,296
564,296
566,296
568,296
570,296
572,296
574,296
576,296
578,296
580,296
582,296
584,296
586,296
588,296
590,296
592,296
594,296
596,296
598,296
674,296
676,296
678,296
680,296
682,296
684,296
756,296
758,296
760,296
762,296
764,296
172,298
174,298
176,298
178,298
180,298
318,298
320,298
322,298
324,298
326,298
344,298
346,298
348,298
350,298
352,298
384,298
386,298
388,298
390,298
392,298
500,298
502,298
504,298
506,298
508,298
568,298
570,298
572,298
574,298
576,298
578,298
580,298
582,298
584,298
586,298
588,298
590,298
592,298
674,298
676,298
678,298
680,298
682,298
754,298
756,298
758,298
760,298
762,298
764,298
172,300
174,300
176,300
178,300
320,300
322,300
324,300
326,300
328,300
344,300
346,300
348,300
350,300
352,300
384,300
386,300
388,300
390,300
392,300
500,300
502,300
504,300
506,300
508,300
672,300
674,300
676,300
678,300
680,300
754,300
756,300
758,300
760,300
762,300
170,302
172,302
174,302
176,302
178,302
322,302
324,302
326,302
328,302
330,302
346,302
348,302
350,302
352,302
354,302
386,302
388,302
390,302
392,302
502,302
504,302
506,302
508,302
510,302
672,302
674,302
676,302
678,302
680,302
754,302
756,302
758,302
760,302
762,302
170,304
172,304
174,304
176,304
324,304
326,304
328,304
330,304
332,304
346,304
348,304
350,304
352,304
354,304
386,304
388,304
390,304
392,304
502,304
504,304
506,304
508,304
510,304
670,304
672,304
674,304
676,304
678,304
754,304
756,304
758,304
760,304
762,304
168,306
170,306
172,306
174,306
176,306
324,306
326,306
328,306
330,306
332,306
346,306
348,306
350,306
352,306
354,306
386,306
388,306
390,306
392,306
504,306
506,306
508,306
510,306
512,306
668,306
670,306
672,306
674,306
676,306
678,306
752,306
754,306
756,306
758,306
760,306
762,306
168,308
170,308
172,308
174,308
326,308
328,308
330,308
332,308
334,308
346,308
348,308
350,308
352,308
354,308
386,308
388,308
390,308
392,308
504,308
506,308
508,308
510,308
512,308
514,308
666,308
668,308
670,308
672,308
674,308
676,308
752,308
754,308
756,308
758,308
760,308
168,310
170,310
172,310
174,310
328,310
330,310
332,310
334,310
336,310
346,310
348,310
350,310
352,310
354,310
356,310
386,310
388,310
390,310
392,310
506,310
508,310
510,310
512,310
514,310
666,310
668,310
670,310
672,310
674,310
752,310
754,310
756,310
758,310
760,310
166,312
168,312
170,312
172,312
174,312
286,312
288,312
290,312
292,312
294,312
296,312
330,312
332,312
334,312
336,312
338,312
348,312
350,312
352,312
354,312
356,312
386,312
388,312
390,312
392,312
394,312
506,312
508,312
510,312
512,312
514,312
516,312
664,312
666,312
668,312
670,312
672,312
674,312
752,312
754,312
756,312
758,312
760,312
166,314
168,314
170,314
172,314
282,314
284,314
286,314
288,314
290,314
292,314
294,314
296,314
298,314
300,314
332,314
334,314
336,314
338,314
340,314
348,314
350,314
352,314
354,314
356,314
386,314
388,314
390,314
392,314
394,314
508,314
510,314
512,314
514,314
516,314
518,314
662,314
664,314
666,314
668,314
670,314
672,314
750,314
752,314
754,314
756,314
758,314
760,314
166,316
168,316
170,316
172,316
280,316
282,316
284,316
286,316
288,316
290,316
292,316
294,316
296,316
298,316
300,316
302,316
332,316
334,316
336,316
338,316
340,316
342,316
348,316
350,316
352,316
354,316
356,316
386,316
388,316
390,316
392,316
394,316
510,316
512,316
514,316
516,316
518,316
660,316
662,316
664,316
666,316
668,316
670,316
750,316
752,316
754,316
756,316
758,316
166,318
168,318
170,318
172,318
280,318
282,318
284,318
286,318
288,318
290,318
292,318
294,318
296,318
298,318
300,318
302,318
334,318
336,318
338,318
340,318
342,318
350,318
352,318
354,318
356,318
358,318
388,318
390,318
392,318
394,318
512,318
514,318
516,318
518,318
520,318
658,318
660,318
662,318
664,318
666,318
668,318
750,318
752,318
754,318
756,318
758,318
166,320
168,320
170,320
172,320
278,320
280,320
282,320
284,320
286,320
288,320
290,320
292,320
294,320
296,320
298,320
300,320
302,320
304,320
336,320
338,320
340,320
342,320
344,320
350,320
352,320
354,320
356,320
358,320
388,320
390,320
392,320
394,320
512,320
514,320
516,320
518,320
520,320
522,320
656,320
658,320
660,320
662,320
664,320
666,320
748,320
750,320
752,320
754,320
756,320
758,320
166,322
168,322
170,322
278,322
280,322
282,322
284,322
286,322
288,322
290,322
292,322
294,322
296,322
298,322
300,322
302,322
304,322
338,322
340,322
342,322
344,322
346,322
350,322
352,322
354,322
356,322
358,322
388,322
390,322
392,322
394,322
514,322
516,322
518,322
520,322
522,322
524,322
654,322
656,322
658,322
660,322
662,322
664,322
748,322
750,322
752,322
754,322
756,322
164,324
166,324
168,324
170,324
278,324
280,324
282,324
284,324
286,324
288,324
290,324
292,324
294,324
296,324
298,324
300,324
302,324
304,324
340,324
342,324
344,324
346,324
348,324
350,324
352,324
354,324
356,324
358,324
360,324
388,324
390,324
392,324
394,324
396,324
516,324
518,324
520,324
522,324
524,324
526,324
652,324
654,324
656,324
658,324
660,324
662,324
664,324
748,324
750,324
752,324
754,324
756,324
164,326
166,326
168,326
170,326
278,326
280,326
282,326
284,326
286,326
288,326
290,326
292,326
294,326
296,326
298,326
300,326
302,326
304,326
342,326
344,326
346,326
348,326
350,326
352,326
354,326
356,326
358,326
360,326
388,326
390,326
392,326
394,326
396,326
518,326
520,326
522,326
524,326
526,326
528,326
530,326
650,326
652,326
654,326
656,326
658,326
660,326
662,326
748,326
750,326
752,326
754,326
756,326
164,328
166,328
168,328
170,328
278,328
280,328
282,328
284,328
286,328
288,328
290,328
292,328
294,328
296,328
298,328
300,328
302,328
304,328
342,328
344,328
346,328
348,328
350,328
352,328
354,328
356,328
358,328
360,328
362,328
388,328
390,328
392,328
394,328
396,328
520,328
522,328
524,328
526,328
528,328
530,328
532,328
648,328
650,328
652,328
654,328
656,328
658,328
660,328
746,328
748,328
750,328
752,328
754,328
164,330
166,330
168,330
170,330
278,330
280,330
282,330
284,330
286,330
288,330
290,330
292,330
294,330
296,330
298,330
300,330
302,330
304,330
344,330
346,330
348,330
350,330
352,330
354,330
356,330
358,330
360,330
362,330
390,330
392,330
394,330
396,330
522,330
524,330
526,330
528,330
530,330
532,330
534,330
644,330
646,330
648,330
650,330
652,330
654,330
656,330
746,330
748,330
750,330
752,330
754,330
164,332
166,332
168,332
170,332
278,332
280,332
282,332
284,332
286,332
288,332
290,332
292,332
294,332
296,332
298,332
300,332
302,332
304,332
346,332
348,332
350,332
352,332
354,332
356,332
358,332
360,332
362,332
390,332
392,332
394,332
396,332
398,332
524,332
526,332
528,332
530,332
532,332
534,332
536,332
538,332
642,332
644,332
646,332
648,332
650,332
652,332
654,332
744,332
746,332
748,332
750,332
752,332
754,332
164,334
166,334
168,334
170,334
280,334
282,334
284,334
286,334
288,334
290,334
292,334
294,334
296,334
298,334
300,334
302,334
348,334
350,334
352,334
354,334
356,334
358,334
360,334
362,334
364,334
390,334
392,334
394,334
396,334
398,334
526,334
528,334
530,334
532,334
534,334
536,334
538,334
540,334
638,334
640,334
642,334
644,334
646,334
648,334
650,334
652,334
744,334
746,334
748,334
750,334
752,334
164,336
166,336
168,336
170,336
282,336
284,336
286,336
288,336
290,336
292,336
294,336
296,336
298,336
300,336
350,336
352,336
354,336
356,336
358,336
360,336
362,336
364,336
366,336
390,336
392,336
394,336
396,336
398,336
530,336
532,336
534,336
536,336
538,336
540,336
542,336
544,336
636,336
638,336
640,336
642,336
644,336
646,336
648,336
650,336
744,336
746,336
748,336
750,336
752,336
164,338
166,338
168,338
170,338
284,338
286,338
288,338
290,338
292,338
294,338
296,338
298,338
352,338
354,338
356,338
358,338
360,338
362,338
364,338
366,338
392,338
394,338
396,338
398,338
532,338
534,338
536,338
538,338
540,338
542,338
544,338
546,338
548,338
632,338
634,338
636,338
638,338
640,338
642,338
644,338
646,338
742,338
744,338
746,338
748,338
750,338
752,338
164,340
166,340
168,340
170,340
288,340
290,340
292,340
294,340
354,340
356,340
358,340
360,340
362,340
364,340
366,340
368,340
392,340
394,340
396,340
398,340
400,340
536,340
538,340
540,340
542,340
544,340
546,340
548,340
550,340
552,340
628,340
630,340
632,340
634,340
636,340
638,340
640,340
642,340
644,340
742,340
744,340
746,340
748,340
750,340
164,342
166,342
168,342
170,342
356,342
358,342
360,342
362,342
364,342
366,342
368,342
370,342
392,342
394,342
396,342
398,342
400,342
538,342
540,342
542,342
544,342
546,342
548,342
550,342
552,342
554,342
556,342
558,342
622,342
624,342
626,342
628,342
630,342
632,342
634,342
636,342
638,342
640,342
742,342
744,342
746,342
748,342
750,342
164,344
166,344
168,344
170,344
358,344
360,344
362,344
364,344
366,344
368,344
370,344
394,344
396,344
398,344
400,344
542,344
544,344
546,344
548,344
550,344
552,344
554,344
556,344
558,344
560,344
562,344
564,344
616,344
618,344
620,344
622,344
624,344
626,344
628,344
630,344
632,344
634,344
636,344
638,344
740,344
742,344
744,344
746,344
748,344
750,344
164,346
166,346
168,346
170,346
360,346
362,346
364,346
366,346
368,346
370,346
372,346
394,346
396,346
398,346
400,346
402,346
546,346
548,346
550,346
552,346
554,346
556,346
558,346
560,346
562,346
564,346
566,346
568,346
570,346
572,346
606,346
608,346
610,346
612,346
614,346
616,346
618,346
620,346
622,346
624,346
626,346
628,346
630,346
632,346
634,346
740,346
742,346
744,346
746,346
748,346
164,348
166,348
168,348
170,348
362,348
364,348
366,348
368,348
370,348
372,348
374,348
394,348
396,348
398,348
400,348
402,348
550,348
552,348
554,348
556,348
558,348
560,348
562,348
564,348
566,348
568,348
570,348
572,348
574,348
576,348
578,348
580,348
582,348
584,348
586,348
588,348
590,348
592,348
594,348
596,348
598,348
600,348
602,348
604,348
606,348
608,348
610,348
612,348
614,348
616,348
618,348
620,348
622,348
624,348
626,348
628,348
630,348
738,348
740,348
742,348
744,348
746,348
748,348
164,350
166,350
168,350
170,350
210,350
364,350
366,350
368,350
370,350
372,350
374,350
376,350
396,350
398,350
400,350
402,350
556,350
558,350
560,350
562,350
564,350
566,350
568,350
570,350
572,350
574,350
576,350
578,350
580,350
582,350
584,350
586,350
588,350
590,350
592,350
594,350
596,350
598,350
600,350
602,350
604,350
606,350
608,350
610,350
612,350
614,350
616,350
618,350
620,350
622,350
624,350
738,350
740,350
742,350
744,350
746,350
164,352
166,352
168,352
170,352
202,352
204,352
206,352
208,352
210,352
212,352
214,352
216,352
366,352
368,352
370,352
372,352
374,352
376,352
378,352
396,352
398,352
400,352
402,352
404,352
562,352
564,352
566,352
568,352
570,352
572,352
574,352
576,352
578,352
580,352
582,352
584,352
586,352
588,352
590,352
592,352
594,352
596,352
598,352
600,352
602,352
604,352
606,352
608,352
610,352
612,352
614,352
616,352
618,352
736,352
738,352
740,352
742,352
744,352
746,352
166,354
168,354
170,354
172,354
200,354
202,354
204,354
206,354
208,354
210,354
212,354
214,354
216,354
218,354
368,354
370,354
372,354
374,354
376,354
378,354
380,354
396,354
398,354
400,354
402,354
404,354
568,354
570,354
572,354
574,354
576,354
578,354
580,354
582,354
584,354
586,354
588,354
590,354
592,354
594,354
596,354
598,354
600,354
602,354
604,354
606,354
608,354
610,354
736,354
738,354
740,354
742,354
744,354
166,356
168,356
170,356
172,356
198,356
200,356
202,356
204,356
206,356
208,356
210,356
212,356
214,356
216,356
218,356
220,356
272,356
274,356
276,356
370,356
372,356
374,356
376,356
378,356
380,356
382,356
398,356
400,356
402,356
404,356
582,356
584,356
586,356
588,356
590,356
592,356
594,356
596,356
598,356
736,356
738,356
740,356
742,356
744,356
166,358
168,358
170,358
172,358
198,358
200,358
202,358
204,358
206,358
208,358
210,358
212,358
214,358
216,358
218,358
220,358
222,358
270,358
272,358
274,358
276,358
372,358
374,358
376,358
378,358
380,358
382,358
384,358
386,358
398,358
400,358
402,358
404,358
406,358
734,358
736,358
738,358
740,358
742,358
744,358
166,360
168,360
170,360
172,360
196,360
198,360
200,360
202,360
204,360
206,360
208,360
210,360
212,360
214,360
216,360
218,360
220,360
222,360
272,360
274,360
276,360
374,360
376,360
378,360
380,360
382,360
384,360
386,360
388,360
398,360
400,360
402,360
404,360
406,360
734,360
736,360
738,360
740,360
742,360
166,362
168,362
170,362
172,362
196,362
198,362
200,362
202,362
204,362
206,362
208,362
210,362
212,362
214,362
216,362
218,362
220,362
222,362
224,362
272,362
274,362
276,362
278,362
376,362
378,362
380,362
382,362
384,362
386,362
388,362
390,362
400,362
402,362
404,362
406,362
408,362
732,362
734,362
736,362
738,362
740,362
742,362
166,364
168,364
170,364
172,364
196,364
198,364
200,364
202,364
204,364
206,364
208,364
210,364
212,364
214,364
216,364
218,364
220,364
222,364
224,364
272,364
274,364
276,364
278,364
378,364
380,364
382,364
384,364
386,364
388,364
390,364
392,364
400,364
402,364
404,364
406,364
408,364
732,364
734,364
736,364
738,364
740,364
166,366
168,366
170,366
172,366
196,366
198,366
200,366
202,366
204,366
206,366
208,366
210,366
212,366
214,366
216,366
218,366
220,366
222,366
224,366
272,366
274,366
276,366
278,366
382,366
384,366
386,366
388,366
390,366
392,366
394,366
402,366
404,366
406,366
408,366
410,366
730,366
732,366
734,366
736,366
738,366
740,366
168,368
170,368
172,368
174,368
196,368
198,368
200,368
202,368
204,368
206,368
208,368
210,368
212,368
214,368
216,368
218,368
220,368
222,368
224,368
272,368
274,368
276,368
278,368
384,368
386,368
388,368
390,368
392,368
394,368
396,368
402,368
404,368
406,368
408,368
410,368
730,368
732,368
734,368
736,368
738,368
168,370
170,370
172,370
174,370
196,370
198,370
200,370
202,370
204,370
206,370
208,370
210,370
212,370
214,370
216,370
218,370
220,370
222,370
244,370
246,370
248,370
250,370
270,370
272,370
274,370
276,370
386,370
388,370
390,370
392,370
394,370
396,370
398,370
400,370
404,370
406,370
408,370
410,370
412,370
728,370
730,370
732,370
734,370
736,370
738,370
168,372
170,372
172,372
174,372
198,372
200,372
202,372
204,372
206,372
208,372
210,372
212,372
214,372
216,372
218,372
220,372
222,372
244,372
246,372
248,372
250,372
270,372
272,372
274,372
276,372
388,372
390,372
392,372
394,372
396,372
398,372
400,372
402,372
404,372
406,372
408,372
410,372
412,372
728,372
730,372
732,372
734,372
736,372
168,374
170,374
172,374
174,374
198,374
200,374
202,374
204,374
206,374
208,374
210,374
212,374
214,374
216,374
218,374
220,374
244,374
246,374
248,374
250,374
252,374
266,374
268,374
270,374
272,374
274,374
276,374
390,374
392,374
394,374
396,374
398,374
400,374
402,374
404,374
406,374
408,374
410,374
412,374
414,374
726,374
728,374
730,374
732,374
734,374
736,374
170,376
172,376
174,376
176,376
200,376
202,376
204,376
206,376
208,376
210,376
212,376
214,376
216,376
218,376
246,376
248,376
250,376
252,376
254,376
256,376
258,376
260,376
262,376
264,376
266,376
268,376
270,376
272,376
274,376
392,376
394,376
396,376
398,376
400,376
402,376
404,376
406,376
408,376
410,376
412,376
414,376
726,376
728,376
730,376
732,376
734,376
170,378
172,378
174,378
176,378
204,378
206,378
208,378
210,378
212,378
214,378
216,378
248,378
250,378
252,378
254,378
256,378
258,378
260,378
262,378
264,378
266,378
268,378
270,378
272,378
396,378
398,378
400,378
402,378
404,378
406,378
408,378
410,378
412,378
414,378
416,378
724,378
726,378
728,378
730,378
732,378
734,378
170,380
172,380
174,380
176,380
250,380
252,380
254,380
256,380
258,380
260,380
262,380
264,380
266,380
268,380
270,380
398,380
400,380
402,380
404,380
406,380
408,380
410,380
412,380
414,380
416,380
722,380
724,380
726,380
728,380
730,380
732,380
170,382
172,382
174,382
176,382
178,382
254,382
256,382
258,382
260,382
262,382
264,382
400,382
402,382
404,382
406,382
408,382
410,382
412,382
414,382
416,382
418,382
722,382
724,382
726,382
728,382
730,382
732,382
172,384
174,384
176,384
178,384
404,384
406,384
408,384
410,384
412,384
414,384
416,384
418,384
420,384
718,384
720,384
722,384
724,384
726,384
728,384
730,384
732,384
734,384
172,386
174,386
176,386
178,386
406,386
408,386
410,386
412,386
414,386
416,386
418,386
420,386
422,386
712,386
714,386
716,386
718,386
720,386
722,386
724,386
726,386
728,386
730,386
732,386
734,386
736,386
738,386
172,388
174,388
176,388
178,388
180,388
410,388
412,388
414,388
416,388
418,388
420,388
422,388
424,388
426,388
708,388
710,388
712,388
714,388
716,388
718,388
720,388
722,388
724,388
726,388
728,388
730,388
732,388
734,388
736,388
738,388
740,388
742,388
174,390
176,390
178,390
180,390
412,390
414,390
416,390
418,390
420,390
422,390
424,390
426,390
428,390
430,390
702,390
704,390
706,390
708,390
710,390
712,390
714,390
716,390
718,390
720,390
722,390
724,390
726,390
730,390
732,390
734,390
736,390
738,390
740,390
742,390
744,390
746,390
174,392
176,392
178,392
180,392
416,392
418,392
420,392
422,392
424,392
426,392
428,392
430,392
432,392
434,392
698,392
700,392
702,392
704,392
706,392
708,392
710,392
712,392
714,392
716,392
718,392
720,392
722,392
734,392
736,392
738,392
740,392
742,392
744,392
746,392
748,392
750,392
752,392
176,394
178,394
180,394
182,394
418,394
420,394
422,394
424,394
426,394
428,394
430,394
432,394
434,394
436,394
438,394
692,394
694,394
696,394
698,394
700,394
702,394
704,394
706,394
708,394
710,394
712,394
714,394
716,394
718,394
738,394
740,394
742,394
744,394
746,394
748,394
750,394
752,394
754,394
756,394
176,396
178,396
180,396
182,396
422,396
424,396
426,396
428,396
430,396
432,396
434,396
436,396
438,396
440,396
442,396
686,396
688,396
690,396
692,396
694,396
696,396
698,396
700,396
702,396
704,396
706,396
708,396
710,396
712,396
742,396
744,396
746,396
748,396
750,396
752,396
754,396
756,396
758,396
760,396
762,396
176,398
178,398
180,398
182,398
184,398
426,398
428,398
430,398
432,398
434,398
436,398
438,398
440,398
442,398
444,398
446,398
680,398
682,398
684,398
686,398
688,398
690,398
692,398
694,398
696,398
698,398
700,398
702,398
704,398
706,398
708,398
746,398
748,398
750,398
752,398
754,398
756,398
758,398
760,398
762,398
764,398
766,398
178,400
180,400
182,400
184,400
430,400
432,400
434,400
436,400
438,400
440,400
442,400
444,400
446,400
448,400
450,400
674,400
676,400
678,400
680,400
682,400
684,400
686,400
688,400
690,400
692,400
694,400
696,400
698,400
700,400
702,400
752,400
754,400
756,400
758,400
760,400
762,400
764,400
766,400
768,400
770,400
772,400
774,400
178,402
180,402
182,402
184,402
186,402
434,402
436,402
438,402
440,402
442,402
444,402
446,402
448,402
450,402
452,402
454,402
456,402
668,402
670,402
672,402
674,402
676,402
678,402
680,402
682,402
684,402
686,402
688,402
690,402
692,402
694,402
696,402
698,402
756,402
758,402
760,402
762,402
764,402
766,402
768,402
770,402
772,402
774,402
776,402
778,402
780,402
180,404
182,404
184,404
186,404
438,404
440,404
442,404
444,404
446,404
448,404
450,404
452,404
454,404
456,404
458,404
460,404
462,404
660,404
662,404
664,404
666,404
668,404
670,404
672,404
674,404
676,404
678,404
680,404
682,404
684,404
686,404
688,404
690,404
692,404
762,404
764,404
766,404
768,404
770,404
772,404
774,404
776,404
778,404
780,404
782,404
784,404
786,404
788,404
790,404
180,406
182,406
184,406
186,406
188,406
442,406
444,406
446,406
448,406
450,406
452,406
454,406
456,406
458,406
460,406
462,406
464,406
466,406
654,406
656,406
658,406
660,406
662,406
664,406
666,406
668,406
670,406
672,406
674,406
676,406
678,406
680,406
682,406
684,406
686,406
768,406
770,406
772,406
774,406
776,406
778,406
780,406
782,406
784,406
786,406
788,406
790,406
792,406
794,406
796,406
798,406
800,406
802,406
826,406
828,406
830,406
182,408
184,408
186,408
188,408
190,408
446,408
448,408
450,408
452,408
454,408
456,408
458,408
460,408
462,408
464,408
466,408
468,408
470,408
472,408
474,408
646,408
648,408
650,408
652,408
654,408
656,408
658,408
660,408
662,408
664,408
666,408
668,408
670,408
672,408
674,408
676,408
678,408
680,408
774,408
776,408
778,408
780,408
782,408
784,408
786,408
788,408
790,408
792,408
794,408
796,408
798,408
800,408
802,408
804,408
806,408
808,408
810,408
812,408
814,408
816,408
818,408
820,408
822,408
824,408
826,408
828,408
830,408
832,408
834,408
836,408
838,408
840,408
184,410
186,410
188,410
190,410
450,410
452,410
454,410
456,410
458,410
460,410
462,410
464,410
466,410
468,410
470,410
472,410
474,410
476,410
478,410
480,410
636,410
638,410
640,410
642,410
644,410
646,410
648,410
650,410
652,410
654,410
656,410
658,410
660,410
662,410
664,410
666,410
668,410
670,410
672,410
674,410
782,410
784,410
786,410
788,410
790,410
792,410
794,410
796,410
798,410
800,410
802,410
804,410
806,410
808,410
810,410
812,410
814,410
816,410
818,410
820,410
822,410
824,410
826,410
828,410
830,410
832,410
834,410
836,410
838,410
840,410
842,410
844,410
846,410
184,412
186,412
188,412
190,412
192,412
456,412
458,412
460,412
462,412
464,412
466,412
468,412
470,412
472,412
474,412
476,412
478,412
480,412
482,412
484,412
486,412
488,412
628,412
630,412
632,412
634,412
636,412
638,412
640,412
642,412
644,412
646,412
648,412
650,412
652,412
654,412
656,412
658,412
660,412
662,412
664,412
666,412
790,412
792,412
794,412
796,412
798,412
800,412
802,412
804,412
806,412
808,412
810,412
812,412
814,412
816,412
818,412
820,412
822,412
824,412
826,412
828,412
830,412
832,412
834,412
836,412
838,412
840,412
842,412
844,412
846,412
848,412
850,412
186,414
188,414
190,414
192,414
462,414
464,414
466,414
468,414
470,414
472,414
474,414
476,414
478,414
480,414
482,414
484,414
486,414
488,414
490,414
492,414
494,414
496,414
498,414
616,414
618,414
620,414
622,414
624,414
626,414
628,414
630,414
632,414
634,414
636,414
638,414
640,414
642,414
644,414
646,414
648,414
650,414
652,414
654,414
656,414
658,414
660,414
806,414
808,414
810,414
812,414
814,414
816,414
818,414
820,414
822,414
824,414
832,414
834,414
836,414
838,414
840,414
842,414
844,414
846,414
848,414
850,414
852,414
186,416
188,416
190,416
192,416
194,416
468,416
470,416
472,416
474,416
476,416
478,416
480,416
482,416
484,416
486,416
488,416
490,416
492,416
494,416
496,416
498,416
500,416
502,416
504,416
506,416
508,416
602,416
604,416
606,416
608,416
610,416
612,416
614,416
616,416
618,416
620,416
622,416
624,416
626,416
628,416
630,416
632,416
634,416
636,416
638,416
640,416
642,416
644,416
646,416
648,416
650,416
652,416
842,416
844,416
846,416
848,416
850,416
852,416
854,416
188,418
190,418
192,418
194,418
196,418
474,418
476,418
478,418
480,418
482,418
484,418
486,418
488,418
490,418
492,418
494,418
496,418
498,418
500,418
502,418
504,418
506,418
508,418
510,418
512,418
514,418
516,418
518,418
520,418
522,418
524,418
584,418
586,418
588,418
590,418
592,418
594,418
596,418
598,418
600,418
602,418
604,418
606,418
608,418
610,418
612,418
614,418
616,418
618,418
620,418
622,418
624,418
626,418
628,418
630,418
632,418
634,418
636,418
638,418
640,418
642,418
644,418
846,418
848,418
850,418
852,418
854,418
856,418
190,420
192,420
194,420
196,420
198,420
480,420
482,420
484,420
486,420
488,420
490,420
492,420
494,420
496,420
498,420
500,420
502,420
504,420
506,420
508,420
510,420
512,420
514,420
516,420
518,420
520,420
522,420
524,420
526,420
528,420
530,420
532,420
534,420
536,420
538,420
540,420
542,420
544,420
546,420
548,420
550,420
552,420
554,420
556,420
558,420
560,420
562,420
564,420
566,420
568,420
570,420
572,420
574,420
576,420
578,420
580,420
582,420
584,420
586,420
588,420
590,420
592,420
594,420
596,420
598,420
600,420
602,420
604,420
606,420
608,420
610,420
612,420
614,420
616,420
618,420
620,420
622,420
624,420
626,420
628,420
630,420
632,420
634,420
636,420
848,420
850,420
852,420
854,420
856,420
190,422
192,422
194,422
196,422
198,422
490,422
492,422
494,422
496,422
498,422
500,422
502,422
504,422
506,422
508,422
510,422
512,422
514,422
516,422
518,422
520,422
522,422
524,422
526,422
528,422
530,422
532,422
534,422
536,422
538,422
540,422
542,422
544,422
546,422
548,422
550,422
552,422
554,422
556,422
558,422
560,422
562,422
564,422
566,422
568,422
570,422
572,422
574,422
576,422
578,422
580,422
582,422
584,422
586,422
588,422
590,422
592,422
594,422
596,422
598,422
600,422
602,422
604,422
606,422
608,422
610,422
612,422
614,422
616,422
618,422
620,422
622,422
624,422
626,422
850,422
852,422
854,422
856,422
858,422
192,424
194,424
196,424
198,424
200,424
498,424
500,424
502,424
504,424
506,424
508,424
510,424
512,424
514,424
516,424
518,424
520,424
522,424
524,424
526,424
528,424
530,424
532,424
534,424
536,424
538,424
540,424
542,424
544,424
546,424
548,424
550,424
552,424
554,424
556,424
558,424
560,424
562,424
564,424
566,424
568,424
570,424
572,424
574,424
576,424
578,424
580,424
582,424
584,424
586,424
588,424
590,424
592,424
594,424
596,424
598,424
600,424
602,424
604,424
606,424
608,424
610,424
612,424
614,424
852,424
854,424
856,424
858,424
194,426
196,426
198,426
200,426
202,426
510,426
512,426
514,426
516,426
518,426
520,426
522,426
524,426
526,426
528,426
530,426
532,426
534,426
536,426
538,426
540,426
542,426
544,426
546,426
548,426
550,426
552,426
554,426
556,426
558,426
560,426
562,426
564,426
566,426
568,426
570,426
572,426
574,426
576,426
578,426
580,426
582,426
584,426
586,426
588,426
590,426
592,426
594,426
596,426
598,426
600,426
602,426
852,426
854,426
856,426
858,426
196,428
198,428
200,428
202,428
204,428
528,428
530,428
532,428
534,428
536,428
538,428
540,428
542,428
544,428
546,428
548,428
550,428
552,428
554,428
556,428
558,428
560,428
562,428
564,428
566,428
568,428
570,428
572,428
574,428
576,428
578,428
580,428
582,428
852,428
854,428
856,428
858,428
196,430
198,430
200,430
202,430
204,430
206,430
852,430
854,430
856,430
858,430
198,432
200,432
202,432
204,432
206,432
208,432
852,432
854,432
856,432
858,432
200,434
202,434
204,434
206,434
208,434
852,434
854,434
856,434
858,434
202,436
204,436
206,436
208,436
210,436
852,436
854,436
856,436
858,436
204,438
206,438
208,438
210,438
212,438
850,438
852,438
854,438
856,438
858,438
206,440
208,440
210,440
212,440
214,440
850,440
852,440
854,440
856,440
208,442
210,442
212,442
214,442
216,442
850,442
852,442
854,442
856,442
210,444
212,444
214,444
216,444
218,444
848,444
850,444
852,444
854,444
856,444
212,446
214,446
216,446
218,446
220,446
222,446
848,446
850,446
852,446
854,446
214,448
216,448
218,448
220,448
222,448
224,448
846,448
848,448
850,448
852,448
854,448
216,450
218,450
220,450
222,450
224,450
226,450
844,450
846,450
848,450
850,450
852,450
218,452
220,452
222,452
224,452
226,452
228,452
844,452
846,452
848,452
850,452
220,454
222,454
224,454
226,454
228,454
230,454
842,454
844,454
846,454
848,454
850,454
222,456
224,456
226,456
228,456
230,456
232,456
234,456
840,456
842,456
844,456
846,456
848,456
224,458
226,458
228,458
230,458
232,458
234,458
236,458
840,458
842,458
844,458
846,458
228,460
230,460
232,460
234,460
236,460
238,460
838,460
840,460
842,460
844,460
846,460
230,462
232,462
234,462
236,462
238,462
240,462
242,462
836,462
838,462
840,462
842,462
844,462
232,464
234,464
236,464
238,464
240,464
242,464
244,464
834,464
836,464
838,464
840,464
842,464
236,466
238,466
240,466
242,466
244,466
246,466
832,466
834,466
836,466
838,466
840,466
238,468
240,468
242,468
244,468
246,468
248,468
250,468
830,468
832,468
834,468
836,468
838,468
840,468
240,470
242,470
244,470
246,470
248,470
250,470
252,470
828,470
830,470
832,470
834,470
836,470
838,470
244,472
246,472
248,472
250,472
252,472
254,472
256,472
828,472
830,472
832,472
834,472
836,472
246,474
248,474
250,474
252,474
254,474
256,474
258,474
260,474
826,474
828,474
830,474
832,474
834,474
250,476
252,476
254,476
256,476
258,476
260,476
262,476
822,476
824,476
826,476
828,476
830,476
832,476
252,478
254,478
256,478
258,478
260,478
262,478
264,478
266,478
820,478
822,478
824,478
826,478
828,478
830,478
256,480
258,480
260,480
262,480
264,480
266,480
268,480
270,480
818,480
820,480
822,480
824,480
826,480
828,480
258,482
260,482
262,482
264,482
266,482
268,482
270,482
272,482
274,482
816,482
818,482
820,482
822,482
824,482
826,482
262,484
264,484
266,484
268,484
270,484
272,484
274,484
276,484
278,484
814,484
816,484
818,484
820,484
822,484
824,484
266,486
268,486
270,486
272,486
274,486
276,486
278,486
280,486
282,486
812,486
814,486
816,486
818,486
820,486
822,486
270,488
272,488
274,488
276,488
278,488
280,488
282,488
284,488
286,488
808,488
810,488
812,488
814,488
816,488
818,488
820,488
274,490
276,490
278,490
280,490
282,490
284,490
286,490
288,490
290,490
806,490
808,490
810,490
812,490
814,490
816,490
278,492
280,492
282,492
284,492
286,492
288,492
290,492
292,492
294,492
296,492
802,492
804,492
806,492
808,492
810,492
812,492
814,492
282,494
284,494
286,494
288,494
290,494
292,494
294,494
296,494
298,494
300,494
302,494
800,494
802,494
804,494
806,494
808,494
810,494
812,494
286,496
288,496
290,496
292,496
294,496
296,496
298,496
300,496
302,496
304,496
306,496
308,496
526,496
528,496
530,496
532,496
534,496
536,496
538,496
540,496
542,496
544,496
546,496
548,496
550,496
552,496
796,496
798,496
800,496
802,496
804,496
806,496
808,496
292,498
294,498
296,498
298,498
300,498
302,498
304,498
306,498
308,498
310,498
312,498
314,498
316,498
500,498
502,498
504,498
506,498
508,498
510,498
512,498
514,498
516,498
518,498
520,498
522,498
524,498
526,498
528,498
530,498
532,498
534,498
536,498
538,498
540,498
542,498
544,498
546,498
548,498
550,498
552,498
554,498
556,498
558,498
560,498
562,498
564,498
566,498
568,498
570,498
572,498
574,498
576,498
578,498
580,498
582,498
792,498
794,498
796,498
798,498
800,498
802,498
804,498
806,498
296,500
298,500
300,500
302,500
304,500
306,500
308,500
310,500
312,500
314,500
316,500
318,500
320,500
322,500
324,500
484,500
486,500
488,500
490,500
492,500
494,500
496,500
498,500
500,500
502,500
504,500
506,500
508,500
510,500
512,500
514,500
516,500
518,500
520,500
522,500
524,500
526,500
528,500
530,500
532,500
534,500
536,500
538,500
540,500
542,500
544,500
546,500
548,500
550,500
552,500
554,500
556,500
558,500
560,500
562,500
564,500
566,500
568,500
570,500
572,500
574,500
576,500
578,500
580,500
582,500
584,500
586,500
588,500
590,500
592,500
594,500
596,500
598,500
600,500
788,500
790,500
792,500
794,500
796,500
798,500
800,500
802,500
302,502
304,502
306,502
308,502
310,502
312,502
314,502
316,502
318,502
320,502
322,502
324,502
326,502
328,502
330,502
332,502
334,502
466,502
468,502
470,502
472,502
474,502
476,502
478,502
480,502
482,502
484,502
486,502
488,502
490,502
492,502
494,502
496,502
498,502
500,502
502,502
504,502
506,502
508,502
510,502
512,502
514,502
516,502
518,502
520,502
522,502
524,502
526,502
528,502
530,502
532,502
534,502
536,502
538,502
540,502
542,502
544,502
546,502
548,502
550,502
552,502
554,502
556,502
558,502
560,502
562,502
564,502
566,502
568,502
570,502
572,502
574,502
576,502
578,502
580,502
582,502
584,502
586,502
588,502
590,502
592,502
594,502
596,502
598,502
600,502
602,502
604,502
606,502
608,502
610,502
612,502
614,502
784,502
786,502
788,502
790,502
792,502
794,502
796,502
798,502
800,502
310,504
312,504
314,504
316,504
318,504
320,504
322,504
324,504
326,504
328,504
330,504
332,504
334,504
336,504
338,504
340,504
342,504
344,504
346,504
448,504
450,504
452,504
454,504
456,504
458,504
460,504
462,504
464,504
466,504
468,504
470,504
472,504
474,504
476,504
478,504
480,504
482,504
484,504
486,504
488,504
490,504
492,504
494,504
496,504
498,504
500,504
502,504
504,504
506,504
508,504
510,504
512,504
514,504
516,504
518,504
520,504
522,504
556,504
558,504
560,504
562,504
564,504
566,504
568,504
570,504
572,504
574,504
576,504
578,504
580,504
582,504
584,504
586,504
588,504
590,504
592,504
594,504
596,504
598,504
600,504
602,504
604,504
606,504
608,504
610,504
612,504
614,504
616,504
618,504
620,504
622,504
624,504
626,504
628,504
778,504
780,504
782,504
784,504
786,504
788,504
790,504
792,504
794,504
796,504
316,506
318,506
320,506
322,506
324,506
326,506
328,506
330,506
332,506
334,506
336,506
338,506
340,506
342,506
344,506
346,506
348,506
350,506
352,506
354,506
356,506
358,506
360,506
362,506
364,506
366,506
422,506
424,506
426,506
428,506
430,506
432,506
434,506
436,506
438,506
440,506
442,506
444,506
446,506
448,506
450,506
452,506
454,506
456,506
458,506
460,506
462,506
464,506
466,506
468,506
470,506
472,506
474,506
476,506
478,506
480,506
482,506
484,506
486,506
488,506
490,506
492,506
494,506
496,506
498,506
584,506
586,506
588,506
590,506
592,506
594,506
596,506
598,506
600,506
602,506
604,506
606,506
608,506
610,506
612,506
614,506
616,506
618,506
620,506
622,506
624,506
626,506
628,506
630,506
632,506
634,506
636,506
638,506
640,506
642,506
774,506
776,506
778,506
780,506
782,506
784,506
786,506
788,506
790,506
792,506
324,508
326,508
328,508
330,508
332,508
334,508
336,508
338,508
340,508
342,508
344,508
346,508
348,508
350,508
352,508
354,508
356,508
358,508
360,508
362,508
364,508
366,508
368,508
370,508
372,508
374,508
376,508
378,508
380,508
382,508
384,508
386,508
388,508
390,508
392,508
394,508
396,508
398,508
400,508
402,508
404,508
406,508
408,508
410,508
412,508
414,508
416,508
418,508
420,508
422,508
424,508
426,508
428,508
430,508
432,508
434,508
436,508
438,508
440,508
442,508
444,508
446,508
448,508
450,508
452,508
454,508
456,508
458,508
460,508
462,508
464,508
466,508
468,508
470,508
472,508
474,508
476,508
478,508
480,508
482,508
602,508
604,508
606,508
608,508
610,508
612,508
614,508
616,508
618,508
620,508
622,508
624,508
626,508
628,508
630,508
632,508
634,508
636,508
638,508
640,508
642,508
644,508
646,508
648,508
650,508
652,508
654,508
766,508
768,508
770,508
772,508
774,508
776,508
778,508
780,508
782,508
784,508
786,508
788,508
334,510
336,510
338,510
340,510
342,510
344,510
346,510
348,510
350,510
352,510
354,510
356,510
358,510
360,510
362,510
364,510
366,510
368,510
370,510
372,510
374,510
376,510
378,510
380,510
382,510
384,510
386,510
388,510
390,510
392,510
394,510
396,510
398,510
400,510
402,510
404,510
406,510
408,510
410,510
412,510
414,510
416,510
418,510
420,510
422,510
424,510
426,510
428,510
430,510
432,510
434,510
436,510
438,510
440,510
442,510
444,510
446,510
448,510
450,510
452,510
454,510
456,510
458,510
460,510
462,510
464,510
618,510
620,510
622,510
624,510
626,510
628,510
630,510
632,510
634,510
636,510
638,510
640,510
642,510
644,510
646,510
648,510
650,510
652,510
654,510
656,510
658,510
660,510
662,510
664,510
666,510
668,510
760,510
762,510
764,510
766,510
768,510
770,510
772,510
774,510
776,510
778,510
780,510
782,510
784,510
348,512
350,512
352,512
354,512
356,512
358,512
360,512
362,512
364,512
366,512
368,512
370,512
372,512
374,512
376,512
378,512
380,512
382,512
384,512
386,512
388,512
390,512
392,512
394,512
396,512
398,512
400,512
402,512
404,512
406,512
408,512
410,512
412,512
414,512
416,512
418,512
420,512
422,512
424,512
426,512
428,512
430,512
432,512
434,512
436,512
438,512
440,512
442,512
444,512
630,512
632,512
634,512
636,512
638,512
640,512
642,512
644,512
646,512
648,512
650,512
652,512
654,512
656,512
658,512
660,512
662,512
664,512
666,512
668,512
670,512
672,512
674,512
676,512
678,512
680,512
682,512
750,512
752,512
754,512
756,512
758,512
760,512
762,512
764,512
766,512
768,512
770,512
772,512
774,512
776,512
778,512
368,514
370,514
372,514
374,514
376,514
378,514
380,514
382,514
384,514
386,514
388,514
390,514
392,514
394,514
396,514
398,514
400,514
402,514
404,514
406,514
408,514
410,514
412,514
414,514
416,514
418,514
644,514
646,514
648,514
650,514
652,514
654,514
656,514
658,514
660,514
662,514
664,514
666,514
668,514
670,514
672,514
674,514
676,514
678,514
680,514
682,514
684,514
686,514
688,514
690,514
692,514
694,514
696,514
698,514
700,514
734,514
736,514
738,514
740,514
742,514
744,514
746,514
748,514
750,514
752,514
754,514
756,514
758,514
760,514
762,514
764,514
766,514
768,514
770,514
772,514
656,516
658,516
660,516
662,516
664,516
666,516
668,516
670,516
672,516
674,516
676,516
678,516
680,516
682,516
684,516
686,516
688,516
690,516
692,516
694,516
696,516
698,516
700,516
702,516
704,516
706,516
708,516
710,516
712,516
714,516
716,516
718,516
720,516
722,516
724,516
726,516
728,516
730,516
732,516
734,516
736,516
738,516
740,516
742,516
744,516
746,516
748,516
750,516
752,516
754,516
756,516
758,516
760,516
762,516
764,516
766,516
670,518
672,518
674,518
676,518
678,518
680,518
682,518
684,518
686,518
688,518
690,518
692,518
694,518
696,518
698,518
700,518
702,518
704,518
706,518
708,518
710,518
712,518
714,518
716,518
718,518
720,518
722,518
724,518
726,518
728,518
730,518
732,518
734,518
736,518
738,518
740,518
742,518
744,518
746,518
748,518
750,518
752,518
754,518
756,518
758,518
684,520
686,520
688,520
690,520
692,520
694,520
696,520
698,520
700,520
702,520
704,520
706,520
708,520
710,520
712,520
714,520
716,520
718,520
720,520
722,520
724,520
726,520
728,520
730,520
732,520
734,520
736,520
738,520
740,520
742,520
744,520
746,520
748,520
702,522
704,522
706,522
708,522
710,522
712,522
714,522
716,522
718,522
720,522
722,522
724,522
726,522
728,522
730,522
